"","date","country","plant_location","industry_sector","accident_level","potential_accident_level","gender","injured_person","accident_type","year","month","accident_category"
"1",2016-01-01,"Country_01","Local_01","Mining","I","IV","Male","Third Party","Pressed",2016,"Jan","Mechanical Hazard"
"2",2016-01-02,"Country_02","Local_02","Mining","I","IV","Male","Employee","Pressurized Systems",2016,"Jan","Mechanical Hazard"
"3",2016-01-06,"Country_01","Local_03","Mining","I","III","Male","Third Party (Remote)","Manual Tools",2016,"Jan","Mechanical Hazard"
"4",2016-01-08,"Country_01","Local_04","Mining","I","I","Male","Third Party","Others",2016,"Jan","Others"
"5",2016-01-10,"Country_01","Local_04","Mining","IV","IV","Male","Third Party","Others",2016,"Jan","Others"
"6",2016-01-12,"Country_02","Local_05","Metals","I","III","Male","Third Party (Remote)","Pressurized Systems",2016,"Jan","Mechanical Hazard"
"7",2016-01-16,"Country_02","Local_05","Metals","I","III","Male","Employee","Fall prevention (same level)",2016,"Jan","Physical Hazard"
"8",2016-01-17,"Country_01","Local_04","Mining","I","III","Male","Third Party","Pressed",2016,"Jan","Mechanical Hazard"
"9",2016-01-19,"Country_02","Local_02","Mining","I","IV","Male","Third Party (Remote)","Others",2016,"Jan","Others"
"10",2016-01-26,"Country_01","Local_06","Metals","I","II","Male","Third Party","Chemical substances",2016,"Jan","Chemical Hazard"
"11",2016-01-28,"Country_01","Local_03","Mining","I","III","Male","Employee","Others",2016,"Jan","Others"
"12",2016-01-30,"Country_01","Local_03","Mining","I","IV","Male","Third Party","Others",2016,"Jan","Others"
"13",2016-02-01,"Country_02","Local_05","Metals","I","I","Male","Employee","Liquid Metal",2016,"Feb","Chemical Hazard"
"14",2016-02-02,"Country_01","Local_01","Mining","IV","V","Male","Third Party","Electrical installation",2016,"Feb","Electrical Hazard"
"15",2016-02-04,"Country_02","Local_05","Metals","I","III","Male","Employee","Confined space",2016,"Feb","Mechanical Hazard"
"16",2016-02-04,"Country_02","Local_05","Metals","I","IV","Male","Employee","Liquid Metal",2016,"Feb","Chemical Hazard"
"17",2016-02-06,"Country_01","Local_04","Mining","III","IV","Male","Third Party","Others",2016,"Feb","Others"
"18",2016-02-07,"Country_01","Local_06","Metals","I","II","Female","Third Party","Others",2016,"Feb","Others"
"19",2016-02-08,"Country_01","Local_06","Metals","I","II","Male","Employee","Others",2016,"Feb","Others"
"20",2016-02-21,"Country_01","Local_06","Metals","I","III","Male","Employee","Others",2016,"Feb","Others"
"21",2016-02-25,"Country_01","Local_06","Metals","I","II","Male","Third Party","Others",2016,"Feb","Others"
"22",2016-02-09,"Country_01","Local_03","Mining","I","IV","Male","Third Party","Others",2016,"Feb","Others"
"23",2016-02-10,"Country_01","Local_03","Mining","II","IV","Male","Third Party","Others",2016,"Feb","Others"
"24",2016-02-15,"Country_02","Local_02","Mining","II","II","Male","Third Party (Remote)","Others",2016,"Feb","Others"
"25",2016-02-14,"Country_01","Local_06","Metals","I","II","Male","Third Party","Others",2016,"Feb","Others"
"26",2016-02-15,"Country_01","Local_06","Metals","I","II","Male","Employee","Manual Tools",2016,"Feb","Mechanical Hazard"
"27",2016-02-13,"Country_01","Local_01","Mining","I","I","Male","Employee","Others",2016,"Feb","Others"
"28",2016-02-15,"Country_01","Local_03","Mining","I","III","Male","Third Party","Others",2016,"Feb","Others"
"29",2016-02-16,"Country_01","Local_01","Mining","I","IV","Male","Employee","Others",2016,"Feb","Others"
"30",2016-02-16,"Country_02","Local_07","Mining","II","III","Male","Employee","Others",2016,"Feb","Others"
"31",2016-02-17,"Country_01","Local_03","Mining","I","II","Male","Employee","Others",2016,"Feb","Others"
"32",2016-02-19,"Country_01","Local_03","Mining","I","II","Male","Employee","Others",2016,"Feb","Others"
"33",2016-02-21,"Country_01","Local_01","Mining","III","IV","Male","Third Party","Others",2016,"Feb","Others"
"34",2016-02-20,"Country_01","Local_04","Mining","V","V","Male","Third Party","Others",2016,"Feb","Others"
"35",2016-02-15,"Country_02","Local_05","Metals","I","II","Male","Employee","Others",2016,"Feb","Others"
"36",2016-02-18,"Country_02","Local_05","Metals","I","III","Male","Third Party (Remote)","Pressed",2016,"Feb","Mechanical Hazard"
"37",2016-02-22,"Country_01","Local_01","Mining","I","IV","Male","Third Party","Others",2016,"Feb","Others"
"38",2016-02-24,"Country_02","Local_07","Mining","I","V","Male","Employee","Others",2016,"Feb","Others"
"39",2016-02-24,"Country_02","Local_07","Mining","I","V","Female","Third Party","Others",2016,"Feb","Others"
"40",2016-02-24,"Country_01","Local_01","Mining","I","IV","Male","Employee","Others",2016,"Feb","Others"
"41",2016-02-29,"Country_02","Local_02","Mining","II","IV","Male","Employee","Others",2016,"Feb","Others"
"42",2016-02-26,"Country_01","Local_06","Metals","I","IV","Male","Third Party (Remote)","Pressurized Systems / Chemical Substances",2016,"Feb","Mechanical Hazard"
"43",2016-02-27,"Country_01","Local_01","Mining","I","III","Male","Third Party","Others",2016,"Feb","Others"
"44",2016-03-02,"Country_02","Local_08","Metals","I","III","Male","Employee","Pressed",2016,"Mar","Mechanical Hazard"
"45",2016-03-02,"Country_01","Local_06","Metals","I","III","Male","Employee","Blocking and isolation of energies",2016,"Mar","Electrical Hazard"
"46",2016-03-03,"Country_01","Local_03","Mining","I","III","Male","Third Party","Others",2016,"Mar","Others"
"47",2016-03-04,"Country_01","Local_06","Metals","I","III","Male","Employee","Manual Tools",2016,"Mar","Mechanical Hazard"
"48",2016-03-05,"Country_01","Local_03","Mining","I","IV","Male","Employee","Others",2016,"Mar","Others"
"49",2016-03-06,"Country_01","Local_04","Mining","I","III","Male","Employee","Others",2016,"Mar","Others"
"50",2016-03-06,"Country_01","Local_03","Mining","III","IV","Male","Third Party (Remote)","Others",2016,"Mar","Others"
"51",2016-03-09,"Country_01","Local_06","Metals","I","IV","Male","Third Party","Suspended Loads",2016,"Mar","Physical Hazard"
"52",2016-03-11,"Country_01","Local_03","Mining","III","V","Male","Third Party","Others",2016,"Mar","Others"
"53",2016-03-13,"Country_01","Local_03","Mining","I","IV","Male","Third Party (Remote)","Others",2016,"Mar","Others"
"54",2016-03-12,"Country_02","Local_07","Mining","III","IV","Male","Employee","Others",2016,"Mar","Others"
"55",2016-03-14,"Country_01","Local_06","Metals","II","III","Male","Third Party (Remote)","Chemical substances",2016,"Mar","Chemical Hazard"
"56",2016-03-13,"Country_01","Local_03","Mining","I","III","Male","Employee","Others",2016,"Mar","Others"
"57",2016-03-16,"Country_01","Local_04","Mining","I","II","Male","Third Party","Others",2016,"Mar","Others"
"58",2016-03-10,"Country_02","Local_05","Metals","I","II","Male","Employee","Pressed",2016,"Mar","Mechanical Hazard"
"59",2016-03-17,"Country_01","Local_01","Mining","I","II","Male","Third Party","Others",2016,"Mar","Others"
"60",2016-03-16,"Country_02","Local_08","Metals","II","II","Male","Employee","Manual Tools",2016,"Mar","Mechanical Hazard"
"61",2016-03-18,"Country_01","Local_04","Mining","IV","IV","Male","Third Party","Others",2016,"Mar","Others"
"62",2016-03-19,"Country_01","Local_01","Mining","I","III","Male","Employee","Others",2016,"Mar","Others"
"63",2016-03-14,"Country_02","Local_05","Metals","I","IV","Male","Employee","Chemical substances",2016,"Mar","Chemical Hazard"
"64",2016-03-18,"Country_02","Local_05","Metals","I","IV","Male","Employee","Fall prevention (same level)",2016,"Mar","Physical Hazard"
"65",2016-03-18,"Country_02","Local_05","Metals","I","IV","Male","Employee","Chemical substances",2016,"Mar","Chemical Hazard"
"66",2016-03-22,"Country_01","Local_03","Mining","I","II","Male","Employee","Others",2016,"Mar","Others"
"67",2016-03-22,"Country_01","Local_01","Mining","IV","IV","Male","Third Party","Others",2016,"Mar","Others"
"68",2016-03-25,"Country_01","Local_01","Mining","I","IV","Male","Third Party","Others",2016,"Mar","Others"
"69",2016-03-30,"Country_01","Local_04","Mining","II","IV","Male","Third Party","Others",2016,"Mar","Others"
"70",2016-03-30,"Country_01","Local_03","Mining","I","III","Male","Employee","Others",2016,"Mar","Others"
"71",2016-03-31,"Country_01","Local_06","Metals","I","III","Male","Employee","Others",2016,"Mar","Others"
"72",2016-03-31,"Country_02","Local_08","Metals","I","III","Male","Third Party (Remote)","Pressed",2016,"Mar","Mechanical Hazard"
"73",2016-04-01,"Country_01","Local_03","Mining","I","III","Male","Third Party","Others",2016,"Apr","Others"
"74",2016-04-03,"Country_01","Local_01","Mining","III","V","Male","Third Party","Others",2016,"Apr","Others"
"75",2016-04-02,"Country_01","Local_01","Mining","I","III","Male","Employee","Others",2016,"Apr","Others"
"76",2016-04-01,"Country_01","Local_01","Mining","I","V","Male","Third Party (Remote)","Others",2016,"Apr","Others"
"77",2016-03-10,"Country_03","Local_10","Others","II","II","Male","Third Party","Others",2016,"Mar","Others"
"78",2016-03-24,"Country_03","Local_10","Others","IV","IV","Male","Third Party","Poll",2016,"Mar","Mechanical Hazard"
"79",2016-03-22,"Country_03","Local_10","Others","I","I","Male","Third Party","Others",2016,"Mar","Others"
"80",2016-03-31,"Country_01","Local_03","Mining","I","II","Male","Third Party","Others",2016,"Mar","Others"
"81",2016-04-04,"Country_02","Local_09","Metals","III","IV","Male","Employee","Manual Tools",2016,"Apr","Mechanical Hazard"
"82",2016-04-05,"Country_01","Local_06","Metals","I","III","Male","Third Party","Fall prevention (same level)",2016,"Apr","Physical Hazard"
"83",2016-04-05,"Country_02","Local_05","Metals","I","III","Male","Third Party","Pressed",2016,"Apr","Mechanical Hazard"
"84",2016-04-07,"Country_01","Local_03","Mining","I","II","Male","Third Party","Others",2016,"Apr","Others"
"85",2016-04-08,"Country_01","Local_03","Mining","I","IV","Male","Employee","Others",2016,"Apr","Others"
"86",2016-04-11,"Country_01","Local_01","Mining","I","IV","Male","Third Party","Others",2016,"Apr","Others"
"87",2016-04-11,"Country_01","Local_01","Mining","I","IV","Male","Employee","Others",2016,"Apr","Others"
"88",2016-04-14,"Country_02","Local_08","Metals","I","III","Male","Employee","Pressurized Systems",2016,"Apr","Mechanical Hazard"
"89",2016-04-14,"Country_01","Local_04","Mining","I","II","Male","Third Party","Others",2016,"Apr","Others"
"90",2016-04-16,"Country_01","Local_04","Mining","I","III","Male","Third Party","Others",2016,"Apr","Others"
"91",2016-04-16,"Country_01","Local_03","Mining","I","III","Male","Third Party","Others",2016,"Apr","Others"
"92",2016-04-15,"Country_01","Local_03","Mining","I","II","Male","Employee","Others",2016,"Apr","Others"
"93",2016-04-17,"Country_02","Local_05","Metals","I","IV","Male","Employee","Cut",2016,"Apr","Mechanical Hazard"
"94",2016-04-18,"Country_01","Local_03","Mining","I","III","Male","Third Party","Others",2016,"Apr","Others"
"95",2016-04-21,"Country_02","Local_02","Mining","I","V","Male","Employee","Others",2016,"Apr","Others"
"96",2016-04-22,"Country_01","Local_01","Mining","I","II","Male","Third Party","Others",2016,"Apr","Others"
"97",2016-04-23,"Country_01","Local_04","Mining","I","III","Male","Employee","Others",2016,"Apr","Others"
"98",2016-04-22,"Country_02","Local_05","Metals","II","IV","Male","Third Party","Pressurized Systems / Chemical Substances",2016,"Apr","Mechanical Hazard"
"99",2016-04-26,"Country_02","Local_05","Metals","I","II","Female","Third Party","Cut",2016,"Apr","Mechanical Hazard"
"100",2016-04-28,"Country_02","Local_05","Metals","I","III","Male","Third Party (Remote)","Chemical substances",2016,"Apr","Chemical Hazard"
"101",2016-04-29,"Country_01","Local_04","Mining","III","IV","Male","Third Party","Others",2016,"Apr","Others"
"102",2016-04-30,"Country_02","Local_05","Metals","I","IV","Male","Employee","Pressed",2016,"Apr","Mechanical Hazard"
"103",2016-04-30,"Country_01","Local_01","Mining","I","II","Male","Employee","Others",2016,"Apr","Others"
"104",2016-04-30,"Country_01","Local_03","Mining","IV","IV","Male","Third Party","Others",2016,"Apr","Others"
"105",2016-05-01,"Country_01","Local_04","Mining","I","IV","Male","Third Party","Others",2016,"May","Others"
"106",2016-05-02,"Country_02","Local_05","Metals","I","IV","Female","Third Party (Remote)","Chemical substances",2016,"May","Chemical Hazard"
"107",2016-05-04,"Country_03","Local_10","Others","I","I","Male","Third Party","Manual Tools",2016,"May","Mechanical Hazard"
"108",2016-05-03,"Country_01","Local_04","Mining","II","IV","Male","Third Party","Others",2016,"May","Others"
"109",2016-05-04,"Country_01","Local_04","Mining","I","III","Male","Employee","Others",2016,"May","Others"
"110",2016-05-04,"Country_02","Local_05","Metals","I","III","Female","Third Party (Remote)","Chemical substances",2016,"May","Chemical Hazard"
"111",2016-05-04,"Country_02","Local_05","Metals","I","III","Male","Third Party (Remote)","Chemical substances",2016,"May","Chemical Hazard"
"112",2016-05-05,"Country_02","Local_05","Metals","I","III","Male","Third Party","Manual Tools",2016,"May","Mechanical Hazard"
"113",2016-05-05,"Country_02","Local_08","Metals","I","II","Male","Third Party (Remote)","Manual Tools",2016,"May","Mechanical Hazard"
"114",2016-05-11,"Country_01","Local_03","Mining","I","III","Male","Third Party","Others",2016,"May","Others"
"115",2016-05-12,"Country_01","Local_06","Metals","I","II","Male","Third Party (Remote)","Chemical substances",2016,"May","Chemical Hazard"
"116",2016-05-11,"Country_01","Local_01","Mining","I","IV","Male","Third Party","Others",2016,"May","Others"
"117",2016-05-14,"Country_01","Local_01","Mining","I","IV","Male","Third Party","Others",2016,"May","Others"
"118",2016-05-17,"Country_01","Local_11","Others","I","II","Male","Employee","Others",2016,"May","Others"
"119",2016-05-19,"Country_01","Local_03","Mining","I","IV","Male","Third Party (Remote)","Others",2016,"May","Others"
"120",2016-05-18,"Country_02","Local_05","Metals","I","III","Male","Employee","Others",2016,"May","Others"
"121",2016-05-22,"Country_02","Local_08","Metals","I","III","Male","Employee","Blocking and isolation of energies",2016,"May","Electrical Hazard"
"122",2016-05-20,"Country_01","Local_06","Metals","I","I","Male","Third Party","Fall prevention (same level)",2016,"May","Physical Hazard"
"123",2016-05-22,"Country_01","Local_03","Mining","I","IV","Male","Third Party","Others",2016,"May","Others"
"124",2016-05-24,"Country_03","Local_10","Others","IV","IV","Male","Third Party","Fall",2016,"May","Physical Hazard"
"125",2016-05-12,"Country_01","Local_04","Mining","I","III","Male","Employee","Others",2016,"May","Others"
"126",2016-05-25,"Country_01","Local_04","Mining","II","III","Male","Employee","Others",2016,"May","Others"
"127",2016-05-27,"Country_02","Local_02","Mining","I","V","Male","Employee","Others",2016,"May","Others"
"128",2016-05-25,"Country_03","Local_10","Others","I","I","Male","Third Party","Bees",2016,"May","Biological Hazard"
"129",2016-05-26,"Country_03","Local_10","Others","I","I","Male","Third Party","Bees",2016,"May","Biological Hazard"
"130",2016-05-26,"Country_03","Local_10","Others","I","I","Male","Employee","Others",2016,"May","Others"
"131",2016-06-01,"Country_02","Local_05","Metals","I","III","Male","Employee","Cut",2016,"Jun","Mechanical Hazard"
"132",2016-06-02,"Country_02","Local_05","Metals","I","III","Male","Employee","Cut",2016,"Jun","Mechanical Hazard"
"133",2016-06-03,"Country_01","Local_01","Mining","I","II","Male","Third Party","Others",2016,"Jun","Others"
"134",2016-06-04,"Country_01","Local_04","Mining","V","V","Male","Third Party","Others",2016,"Jun","Others"
"135",2016-06-03,"Country_03","Local_10","Others","II","II","Male","Third Party","Others",2016,"Jun","Others"
"136",2016-06-05,"Country_01","Local_03","Mining","I","III","Male","Employee","Others",2016,"Jun","Others"
"137",2016-06-05,"Country_01","Local_06","Metals","I","I","Male","Employee","Fall prevention",2016,"Jun","Physical Hazard"
"138",2016-06-08,"Country_01","Local_04","Mining","I","III","Male","Third Party","Others",2016,"Jun","Others"
"139",2016-06-07,"Country_01","Local_01","Mining","I","I","Male","Employee","Others",2016,"Jun","Others"
"140",2016-06-07,"Country_01","Local_03","Mining","I","III","Male","Third Party","Others",2016,"Jun","Others"
"141",2016-06-08,"Country_01","Local_06","Metals","IV","IV","Male","Employee","Fall prevention (same level)",2016,"Jun","Physical Hazard"
"142",2016-06-08,"Country_03","Local_10","Others","I","I","Male","Third Party","Bees",2016,"Jun","Biological Hazard"
"143",2016-06-08,"Country_03","Local_10","Others","I","I","Male","Third Party","Others",2016,"Jun","Others"
"144",2016-06-10,"Country_02","Local_05","Metals","I","III","Male","Third Party (Remote)","Manual Tools",2016,"Jun","Mechanical Hazard"
"145",2016-06-13,"Country_01","Local_01","Mining","I","IV","Male","Employee","Others",2016,"Jun","Others"
"146",2016-06-16,"Country_01","Local_03","Mining","I","IV","Male","Third Party","Others",2016,"Jun","Others"
"147",2016-06-16,"Country_03","Local_10","Others","I","I","Male","Third Party","Bees",2016,"Jun","Biological Hazard"
"148",2016-06-18,"Country_03","Local_10","Others","I","I","Male","Employee","Bees",2016,"Jun","Biological Hazard"
"149",2016-06-18,"Country_03","Local_10","Others","I","I","Male","Third Party","Bees",2016,"Jun","Biological Hazard"
"150",2016-06-17,"Country_02","Local_08","Metals","IV","V","Male","Employee","
Not applicable",2016,"Jun","Others"
"151",2016-06-19,"Country_01","Local_03","Mining","IV","IV","Male","Third Party","Others",2016,"Jun","Others"
"152",2016-06-21,"Country_01","Local_01","Mining","I","III","Male","Third Party","Others",2016,"Jun","Others"
"153",2016-06-22,"Country_01","Local_03","Mining","I","III","Male","Third Party (Remote)","Others",2016,"Jun","Others"
"154",2016-06-23,"Country_02","Local_08","Metals","I","II","Male","Employee","Manual Tools",2016,"Jun","Mechanical Hazard"
"155",2016-06-24,"Country_01","Local_01","Mining","I","III","Male","Third Party","Others",2016,"Jun","Others"
"156",2016-06-29,"Country_01","Local_01","Mining","I","IV","Male","Employee","Others",2016,"Jun","Others"
"157",2016-07-02,"Country_01","Local_03","Mining","V","V","Male","Third Party","Others",2016,"Jul","Others"
"158",2016-07-04,"Country_01","Local_06","Metals","III","IV","Male","Third Party","Pressed",2016,"Jul","Mechanical Hazard"
"159",2016-06-24,"Country_01","Local_03","Mining","I","II","Male","Third Party","Others",2016,"Jun","Others"
"160",2016-07-08,"Country_01","Local_01","Mining","I","II","Male","Employee","Others",2016,"Jul","Others"
"161",2016-07-07,"Country_01","Local_03","Mining","IV","V","Male","Third Party","Others",2016,"Jul","Others"
"162",2016-07-08,"Country_01","Local_06","Metals","III","IV","Male","Third Party","Manual Tools",2016,"Jul","Mechanical Hazard"
"163",2016-07-09,"Country_03","Local_10","Others","III","IV","Male","Third Party","Others",2016,"Jul","Others"
"164",2016-07-10,"Country_01","Local_04","Mining","IV","IV","Male","Third Party","Others",2016,"Jul","Others"
"165",2016-07-11,"Country_02","Local_05","Metals","III","IV","Male","Third Party (Remote)","Suspended Loads",2016,"Jul","Physical Hazard"
"166",2016-07-14,"Country_01","Local_03","Mining","I","II","Male","Employee","Others",2016,"Jul","Others"
"167",2016-07-15,"Country_02","Local_05","Metals","I","II","Female","Employee","Chemical substances",2016,"Jul","Chemical Hazard"
"168",2016-07-16,"Country_01","Local_03","Mining","I","IV","Male","Third Party","Others",2016,"Jul","Others"
"169",2016-07-18,"Country_01","Local_06","Metals","I","III","Male","Third Party","Fall prevention (same level)",2016,"Jul","Physical Hazard"
"170",2016-07-20,"Country_02","Local_05","Metals","I","III","Male","Employee","Chemical substances",2016,"Jul","Chemical Hazard"
"171",2016-07-21,"Country_02","Local_12","Others","I","II","Female","Employee","Traffic",2016,"Jul","Physical Hazard"
"172",2016-07-23,"Country_02","Local_08","Metals","I","II","Male","Third Party (Remote)","Pressurized Systems",2016,"Jul","Mechanical Hazard"
"173",2016-07-27,"Country_01","Local_03","Mining","II","IV","Male","Employee","Others",2016,"Jul","Others"
"174",2016-07-29,"Country_01","Local_03","Mining","I","IV","Male","Employee","Others",2016,"Jul","Others"
"175",2016-07-30,"Country_02","Local_07","Mining","I","II","Male","Employee","Others",2016,"Jul","Others"
"176",2016-08-02,"Country_02","Local_02","Mining","I","III","Male","Third Party (Remote)","Others",2016,"Aug","Others"
"177",2016-08-01,"Country_02","Local_05","Metals","II","III","Female","Third Party","Manual Tools",2016,"Aug","Mechanical Hazard"
"178",2016-08-02,"Country_03","Local_10","Others","I","I","Male","Third Party","Bees",2016,"Aug","Biological Hazard"
"179",2016-08-01,"Country_01","Local_04","Mining","II","III","Male","Third Party","Others",2016,"Aug","Others"
"180",2016-08-04,"Country_02","Local_08","Metals","I","II","Male","Employee","Cut",2016,"Aug","Mechanical Hazard"
"181",2016-08-11,"Country_02","Local_02","Mining","IV","IV","Male","Third Party (Remote)","Others",2016,"Aug","Others"
"182",2016-08-11,"Country_02","Local_12","Others","I","IV","Female","Employee","Others",2016,"Aug","Others"
"183",2016-08-12,"Country_01","Local_03","Mining","III","IV","Male","Employee","Others",2016,"Aug","Others"
"184",2016-08-14,"Country_01","Local_01","Mining","III","IV","Male","Third Party","Others",2016,"Aug","Others"
"185",2016-08-14,"Country_02","Local_08","Metals","I","III","Male","Employee","Projection",2016,"Aug","Mechanical Hazard"
"186",2016-08-15,"Country_01","Local_01","Mining","I","IV","Male","Third Party","Others",2016,"Aug","Others"
"187",2016-08-18,"Country_01","Local_03","Mining","I","III","Male","Employee","Others",2016,"Aug","Others"
"188",2016-08-19,"Country_01","Local_03","Mining","I","III","Male","Employee","Others",2016,"Aug","Others"
"189",2016-08-22,"Country_02","Local_05","Metals","I","III","Male","Employee","Pressed",2016,"Aug","Mechanical Hazard"
"190",2016-08-24,"Country_02","Local_05","Metals","I","II","Male","Employee","Cut",2016,"Aug","Mechanical Hazard"
"191",2016-08-25,"Country_01","Local_03","Mining","I","IV","Male","Employee","Others",2016,"Aug","Others"
"192",2016-08-24,"Country_01","Local_01","Mining","I","II","Male","Employee","Others",2016,"Aug","Others"
"193",2016-08-29,"Country_02","Local_05","Metals","I","II","Male","Employee","Chemical substances",2016,"Aug","Chemical Hazard"
"194",2016-08-27,"Country_01","Local_06","Metals","I","II","Male","Employee","Pressurized Systems / Chemical Substances",2016,"Aug","Mechanical Hazard"
"195",2016-08-30,"Country_02","Local_08","Metals","II","II","Female","Third Party (Remote)","Others",2016,"Aug","Others"
"196",2016-08-30,"Country_01","Local_06","Metals","I","II","Male","Third Party","Others",2016,"Aug","Others"
"197",2016-09-01,"Country_02","Local_05","Metals","II","IV","Male","Third Party (Remote)","Manual Tools",2016,"Sep","Mechanical Hazard"
"198",2016-09-02,"Country_01","Local_03","Mining","I","I","Male","Third Party","Others",2016,"Sep","Others"
"199",2016-09-04,"Country_01","Local_03","Mining","I","III","Male","Third Party","Others",2016,"Sep","Others"
"200",2016-09-03,"Country_01","Local_04","Mining","III","IV","Male","Employee","Others",2016,"Sep","Others"
"201",2016-09-04,"Country_01","Local_06","Metals","IV","IV","Male","Employee","Suspended Loads",2016,"Sep","Physical Hazard"
"202",2016-09-06,"Country_02","Local_02","Mining","I","II","Male","Employee","Others",2016,"Sep","Others"
"203",2016-09-05,"Country_02","Local_05","Metals","I","II","Female","Employee","Venomous Animals",2016,"Sep","Biological Hazard"
"204",2016-09-06,"Country_02","Local_07","Mining","I","II","Male","Employee","Others",2016,"Sep","Others"
"205",2016-09-13,"Country_01","Local_03","Mining","I","IV","Male","Third Party","Others",2016,"Sep","Others"
"206",2016-09-12,"Country_01","Local_11","Others","III","IV","Female","Employee","Others",2016,"Sep","Others"
"207",2016-09-13,"Country_02","Local_05","Metals","I","II","Male","Employee","Suspended Loads",2016,"Sep","Physical Hazard"
"208",2016-09-15,"Country_03","Local_10","Others","I","I","Male","Third Party","Others",2016,"Sep","Others"
"209",2016-09-17,"Country_01","Local_06","Metals","I","II","Male","Third Party","Pressed",2016,"Sep","Mechanical Hazard"
"210",2016-09-16,"Country_02","Local_05","Metals","II","IV","Male","Employee","Pressurized Systems",2016,"Sep","Mechanical Hazard"
"211",2016-09-20,"Country_03","Local_10","Others","I","I","Male","Third Party","Fall",2016,"Sep","Physical Hazard"
"212",2016-09-20,"Country_02","Local_05","Metals","I","II","Male","Third Party (Remote)","Blocking and isolation of energies",2016,"Sep","Electrical Hazard"
"213",2016-09-20,"Country_01","Local_06","Metals","I","II","Male","Third Party","Others",2016,"Sep","Others"
"214",2016-09-21,"Country_01","Local_03","Mining","I","III","Male","Third Party","Others",2016,"Sep","Others"
"215",2016-09-21,"Country_02","Local_05","Metals","II","III","Male","Third Party","Manual Tools",2016,"Sep","Mechanical Hazard"
"216",2016-09-22,"Country_01","Local_01","Mining","I","IV","Male","Employee","Others",2016,"Sep","Others"
"217",2016-09-22,"Country_01","Local_06","Metals","I","III","Male","Employee","Others",2016,"Sep","Others"
"218",2016-09-27,"Country_01","Local_06","Metals","I","II","Female","Third Party","Pressurized Systems",2016,"Sep","Mechanical Hazard"
"219",2016-09-29,"Country_01","Local_04","Mining","I","II","Male","Third Party","Others",2016,"Sep","Others"
"220",2016-09-30,"Country_01","Local_04","Mining","I","I","Male","Employee","Others",2016,"Sep","Others"
"221",2016-10-01,"Country_01","Local_04","Mining","II","III","Male","Third Party","Others",2016,"Oct","Others"
"222",2016-10-03,"Country_01","Local_04","Mining","I","II","Male","Third Party","Others",2016,"Oct","Others"
"223",2016-10-03,"Country_02","Local_05","Metals","I","III","Male","Employee","Pressed",2016,"Oct","Mechanical Hazard"
"224",2016-10-03,"Country_02","Local_08","Metals","I","II","Male","Employee","Pressed",2016,"Oct","Mechanical Hazard"
"225",2016-10-03,"Country_01","Local_03","Mining","I","IV","Male","Third Party","Others",2016,"Oct","Others"
"226",2016-10-04,"Country_03","Local_10","Others","III","III","Male","Employee","Others",2016,"Oct","Others"
"227",2016-10-08,"Country_01","Local_04","Mining","II","II","Male","Third Party","Others",2016,"Oct","Others"
"228",2016-10-10,"Country_01","Local_03","Mining","I","IV","Male","Third Party (Remote)","Others",2016,"Oct","Others"
"229",2016-10-10,"Country_01","Local_04","Mining","III","IV","Male","Employee","Others",2016,"Oct","Others"
"230",2016-10-11,"Country_02","Local_05","Metals","I","III","Male","Employee","Chemical substances",2016,"Oct","Chemical Hazard"
"231",2016-10-13,"Country_02","Local_02","Mining","II","II","Male","Third Party (Remote)","Others",2016,"Oct","Others"
"232",2016-10-13,"Country_01","Local_03","Mining","III","IV","Male","Employee","Others",2016,"Oct","Others"
"233",2016-10-18,"Country_01","Local_03","Mining","IV","IV","Male","Third Party","Others",2016,"Oct","Others"
"234",2016-10-20,"Country_02","Local_05","Metals","I","III","Male","Employee","Pressurized Systems",2016,"Oct","Mechanical Hazard"
"235",2016-10-23,"Country_02","Local_02","Mining","II","IV","Male","Employee","Others",2016,"Oct","Others"
"236",2016-10-24,"Country_01","Local_01","Mining","I","IV","Male","Third Party","Others",2016,"Oct","Others"
"237",2016-10-26,"Country_01","Local_01","Mining","III","IV","Male","Employee","Others",2016,"Oct","Others"
"238",2016-10-27,"Country_01","Local_03","Mining","I","IV","Male","Employee","Others",2016,"Oct","Others"
"239",2016-10-29,"Country_01","Local_03","Mining","I","IV","Male","Employee","Others",2016,"Oct","Others"
"240",2016-10-29,"Country_02","Local_08","Metals","IV","IV","Male","Employee","Pressed",2016,"Oct","Mechanical Hazard"
"241",2016-11-04,"Country_01","Local_03","Mining","IV","V","Male","Employee","Others",2016,"Nov","Others"
"242",2016-11-08,"Country_01","Local_04","Mining","I","IV","Male","Employee","Others",2016,"Nov","Others"
"243",2016-11-08,"Country_02","Local_08","Metals","I","II","Male","Employee","Others",2016,"Nov","Others"
"244",2016-11-11,"Country_01","Local_06","Metals","IV","IV","Male","Employee","Others",2016,"Nov","Others"
"245",2016-11-13,"Country_01","Local_06","Metals","I","II","Male","Employee","Plates",2016,"Nov","Mechanical Hazard"
"246",2016-11-19,"Country_01","Local_04","Mining","III","IV","Male","Third Party","Others",2016,"Nov","Others"
"247",2016-11-21,"Country_03","Local_10","Others","I","I","Male","Third Party","Others",2016,"Nov","Others"
"248",2016-11-23,"Country_01","Local_06","Metals","I","IV","Male","Employee","Others",2016,"Nov","Others"
"249",2016-11-23,"Country_01","Local_04","Mining","I","II","Male","Employee","Others",2016,"Nov","Others"
"250",2016-11-25,"Country_02","Local_07","Mining","I","II","Male","Employee","Others",2016,"Nov","Others"
"251",2016-11-28,"Country_01","Local_03","Mining","I","I","Male","Third Party","Others",2016,"Nov","Others"
"252",2016-11-29,"Country_02","Local_08","Metals","II","III","Male","Employee","Others",2016,"Nov","Others"
"253",2016-11-30,"Country_01","Local_03","Mining","I","II","Male","Third Party","Others",2016,"Nov","Others"
"254",2016-12-01,"Country_01","Local_03","Mining","I","IV","Male","Employee","Others",2016,"Dec","Others"
"255",2016-12-01,"Country_01","Local_03","Mining","I","IV","Male","Third Party","Others",2016,"Dec","Others"
"256",2016-12-08,"Country_01","Local_01","Mining","I","IV","Male","Employee","Suspended Loads",2016,"Dec","Physical Hazard"
"257",2016-12-08,"Country_01","Local_01","Mining","I","III","Male","Third Party (Remote)","Others",2016,"Dec","Others"
"258",2016-12-09,"Country_02","Local_02","Mining","II","III","Male","Third Party (Remote)","Others",2016,"Dec","Others"
"259",2016-12-10,"Country_01","Local_04","Mining","I","II","Male","Third Party","Others",2016,"Dec","Others"
"260",2016-12-12,"Country_02","Local_08","Metals","I","II","Male","Employee","Others",2016,"Dec","Others"
"261",2016-12-13,"Country_02","Local_02","Mining","I","II","Male","Third Party (Remote)","Others",2016,"Dec","Others"
"262",2016-12-12,"Country_01","Local_04","Mining","III","III","Male","Employee","Others",2016,"Dec","Others"
"263",2016-12-12,"Country_02","Local_05","Metals","I","II","Male","Third Party (Remote)","Others",2016,"Dec","Others"
"264",2016-12-13,"Country_01","Local_06","Metals","I","II","Male","Third Party","Others",2016,"Dec","Others"
"265",2016-12-15,"Country_02","Local_05","Metals","I","III","Male","Employee","Others",2016,"Dec","Others"
"266",2016-12-15,"Country_01","Local_03","Mining","III","IV","Male","Third Party","Others",2016,"Dec","Others"
"267",2016-12-16,"Country_02","Local_08","Metals","I","II","Female","Third Party","Others",2016,"Dec","Others"
"268",2016-12-19,"Country_01","Local_04","Mining","I","III","Male","Employee","Others",2016,"Dec","Others"
"269",2016-12-23,"Country_01","Local_04","Mining","II","IV","Male","Third Party","Others",2016,"Dec","Others"
"270",2016-12-22,"Country_02","Local_05","Metals","I","II","Male","Third Party","Others",2016,"Dec","Others"
"271",2016-12-22,"Country_01","Local_01","Mining","I","IV","Male","Third Party","Others",2016,"Dec","Others"
"272",2016-12-23,"Country_01","Local_03","Mining","I","III","Male","Third Party","Others",2016,"Dec","Others"
"273",2016-12-26,"Country_01","Local_06","Metals","I","II","Male","Employee","Others",2016,"Dec","Others"
"274",2016-12-28,"Country_02","Local_05","Metals","I","IV","Male","Employee","Others",2016,"Dec","Others"
"275",2016-12-30,"Country_01","Local_04","Mining","IV","V","Male","Third Party","Others",2016,"Dec","Others"
"276",2016-12-31,"Country_01","Local_04","Mining","III","IV","Male","Third Party","Others",2016,"Dec","Others"
"277",2017-01-02,"Country_01","Local_06","Metals","I","II","Male","Third Party (Remote)","Pressed",2017,"Jan","Mechanical Hazard"
"278",2017-01-05,"Country_01","Local_01","Mining","I","IV","Male","Third Party","Projection",2017,"Jan","Mechanical Hazard"
"279",2017-01-05,"Country_01","Local_03","Mining","I","III","Male","Employee","Others",2017,"Jan","Others"
"280",2017-01-06,"Country_02","Local_08","Metals","I","I","Male","Employee","Pressed",2017,"Jan","Mechanical Hazard"
"281",2017-01-07,"Country_01","Local_04","Mining","I","IV","Male","Employee","Others",2017,"Jan","Others"
"282",2017-01-08,"Country_01","Local_06","Metals","III","III","Male","Employee","Cut",2017,"Jan","Mechanical Hazard"
"283",2017-01-08,"Country_02","Local_05","Metals","II","IV","Male","Employee","Projection/Burning",2017,"Jan","Mechanical Hazard"
"284",2017-01-09,"Country_01","Local_01","Mining","I","III","Male","Third Party","Others",2017,"Jan","Others"
"285",2017-01-09,"Country_01","Local_03","Mining","I","III","Male","Employee","Others",2017,"Jan","Others"
"286",2017-01-10,"Country_03","Local_10","Others","I","IV","Male","Third Party","Fall prevention",2017,"Jan","Physical Hazard"
"287",2017-01-12,"Country_02","Local_08","Metals","I","II","Male","Third Party (Remote)","Manual Tools",2017,"Jan","Mechanical Hazard"
"288",2017-01-14,"Country_01","Local_03","Mining","I","IV","Male","Third Party","Projection",2017,"Jan","Mechanical Hazard"
"289",2017-01-17,"Country_01","Local_03","Mining","I","III","Male","Employee","remains of choco",2017,"Jan","Mechanical Hazard"
"290",2017-01-17,"Country_02","Local_08","Metals","I","IV","Male","Employee","Liquid Metal",2017,"Jan","Chemical Hazard"
"291",2017-01-17,"Country_02","Local_08","Metals","III","IV","Male","Employee","Others",2017,"Jan","Others"
"292",2017-01-20,"Country_01","Local_06","Metals","IV","IV","Male","Third Party (Remote)","Fall prevention",2017,"Jan","Physical Hazard"
"293",2017-01-20,"Country_01","Local_04","Mining","I","III","Male","Third Party","Manual Tools",2017,"Jan","Mechanical Hazard"
"294",2017-01-21,"Country_02","Local_02","Mining","I","I","Male","Third Party (Remote)","Others",2017,"Jan","Others"
"295",2017-01-23,"Country_01","Local_04","Mining","I","IV","Male","Third Party","remains of choco",2017,"Jan","Mechanical Hazard"
"296",2017-01-24,"Country_02","Local_05","Metals","I","III","Male","Third Party (Remote)","Fall",2017,"Jan","Physical Hazard"
"297",2017-01-24,"Country_03","Local_10","Others","I","I","Male","Third Party","Venomous Animals",2017,"Jan","Biological Hazard"
"298",2017-01-25,"Country_01","Local_03","Mining","V","VI","Male","Third Party","remains of choco",2017,"Jan","Mechanical Hazard"
"299",2017-01-27,"Country_01","Local_04","Mining","II","III","Male","Third Party","Others",2017,"Jan","Others"
"300",2017-01-29,"Country_01","Local_01","Mining","I","III","Male","Third Party","Vehicles and Mobile Equipment",2017,"Jan","Physical Hazard"
"301",2017-01-28,"Country_01","Local_01","Mining","I","III","Male","Employee","Vehicles and Mobile Equipment",2017,"Jan","Physical Hazard"
"302",2017-01-31,"Country_02","Local_08","Metals","I","III","Male","Employee","Others",2017,"Jan","Others"
"303",2017-01-31,"Country_01","Local_01","Mining","I","IV","Male","Employee","Vehicles and Mobile Equipment",2017,"Jan","Physical Hazard"
"304",2017-02-01,"Country_03","Local_10","Others","I","II","Male","Third Party","Projection/Choco",2017,"Feb","Mechanical Hazard"
"305",2017-02-04,"Country_02","Local_02","Mining","I","III","Male","Employee","Manual Tools",2017,"Feb","Mechanical Hazard"
"306",2017-02-05,"Country_03","Local_10","Others","I","II","Male","Employee","Others",2017,"Feb","Others"
"307",2017-02-07,"Country_01","Local_04","Mining","I","II","Male","Third Party","Others",2017,"Feb","Others"
"308",2017-02-07,"Country_01","Local_03","Mining","II","V","Male","Employee","remains of choco",2017,"Feb","Mechanical Hazard"
"309",2017-02-08,"Country_01","Local_03","Mining","II","IV","Male","Third Party","Cut",2017,"Feb","Mechanical Hazard"
"310",2017-02-08,"Country_02","Local_08","Metals","I","II","Female","Third Party","Others",2017,"Feb","Others"
"311",2017-02-08,"Country_02","Local_08","Metals","I","I","Male","Third Party (Remote)","Pressed",2017,"Feb","Mechanical Hazard"
"312",2017-02-08,"Country_01","Local_04","Mining","II","III","Male","Third Party","Cut",2017,"Feb","Mechanical Hazard"
"313",2017-02-08,"Country_01","Local_06","Metals","I","III","Male","Employee","Machine Protection",2017,"Feb","Physical Hazard"
"314",2017-02-09,"Country_01","Local_03","Mining","IV","V","Male","Third Party (Remote)","Power lock",2017,"Feb","Physical Hazard"
"315",2017-02-08,"Country_01","Local_06","Metals","I","I","Male","Third Party (Remote)","Manual Tools",2017,"Feb","Mechanical Hazard"
"316",2017-02-13,"Country_02","Local_08","Metals","II","III","Male","Employee","Pressed",2017,"Feb","Mechanical Hazard"
"317",2017-02-13,"Country_02","Local_05","Metals","I","IV","Male","Employee","Projection",2017,"Feb","Mechanical Hazard"
"318",2017-02-13,"Country_02","Local_05","Metals","III","IV","Male","Employee","Burn",2017,"Feb","Mechanical Hazard"
"319",2017-02-14,"Country_01","Local_03","Mining","IV","V","Male","Third Party","Pressed",2017,"Feb","Mechanical Hazard"
"320",2017-02-15,"Country_03","Local_10","Others","I","I","Male","Third Party","Venomous Animals",2017,"Feb","Biological Hazard"
"321",2017-02-16,"Country_01","Local_03","Mining","I","II","Female","Third Party (Remote)","Fall",2017,"Feb","Physical Hazard"
"322",2017-02-17,"Country_01","Local_04","Mining","I","III","Male","Third Party","Projection/Manual Tools",2017,"Feb","Mechanical Hazard"
"323",2017-02-17,"Country_01","Local_01","Mining","I","III","Male","Employee","Chemical substances",2017,"Feb","Chemical Hazard"
"324",2017-02-17,"Country_01","Local_01","Mining","I","IV","Male","Third Party","Projection",2017,"Feb","Mechanical Hazard"
"325",2017-02-23,"Country_01","Local_04","Mining","IV","IV","Male","Third Party","Vehicles and Mobile Equipment",2017,"Feb","Physical Hazard"
"326",2017-02-23,"Country_02","Local_07","Mining","I","III","Male","Third Party (Remote)","Venomous Animals",2017,"Feb","Biological Hazard"
"327",2017-02-25,"Country_01","Local_01","Mining","IV","IV","Male","Third Party (Remote)","Fall",2017,"Feb","Physical Hazard"
"328",2017-02-25,"Country_01","Local_01","Mining","I","III","Male","Employee","Projection",2017,"Feb","Mechanical Hazard"
"329",2017-02-25,"Country_03","Local_10","Others","I","I","Male","Third Party","Venomous Animals",2017,"Feb","Biological Hazard"
"330",2017-02-26,"Country_01","Local_01","Mining","I","III","Male","Third Party","Fall",2017,"Feb","Physical Hazard"
"331",2017-02-26,"Country_02","Local_07","Mining","I","IV","Male","Employee","Fall prevention",2017,"Feb","Physical Hazard"
"332",2017-02-27,"Country_01","Local_03","Mining","II","IV","Male","Third Party","remains of choco",2017,"Feb","Mechanical Hazard"
"333",2017-02-27,"Country_02","Local_02","Mining","III","IV","Male","Employee","Others",2017,"Feb","Others"
"334",2017-03-01,"Country_01","Local_06","Metals","I","I","Male","Third Party (Remote)","Others",2017,"Mar","Others"
"335",2017-03-02,"Country_03","Local_10","Others","I","I","Male","Third Party","Venomous Animals",2017,"Mar","Biological Hazard"
"336",2017-03-04,"Country_02","Local_02","Mining","I","V","Male","Employee","Vehicles and Mobile Equipment",2017,"Mar","Physical Hazard"
"337",2017-03-06,"Country_01","Local_04","Mining","I","III","Male","Third Party (Remote)","Fall",2017,"Mar","Physical Hazard"
"338",2017-03-08,"Country_03","Local_10","Others","I","I","Male","Third Party","Others",2017,"Mar","Others"
"339",2017-03-09,"Country_01","Local_03","Mining","I","V","Male","Third Party","Vehicles and Mobile Equipment",2017,"Mar","Physical Hazard"
"340",2017-03-08,"Country_01","Local_01","Mining","V","V","Male","Third Party","Vehicles and Mobile Equipment",2017,"Mar","Physical Hazard"
"341",2017-03-09,"Country_02","Local_05","Metals","I","III","Male","Third Party","Machine Protection",2017,"Mar","Physical Hazard"
"342",2017-03-10,"Country_01","Local_03","Mining","II","IV","Male","Third Party","Individual protection equipment",2017,"Mar","Physical Hazard"
"343",2017-03-15,"Country_03","Local_10","Others","I","I","Male","Third Party","Venomous Animals",2017,"Mar","Biological Hazard"
"344",2017-03-15,"Country_02","Local_08","Metals","II","IV","Female","Employee","Chemical substances",2017,"Mar","Chemical Hazard"
"345",2017-03-18,"Country_01","Local_03","Mining","V","V","Male","Third Party (Remote)","Power lock",2017,"Mar","Physical Hazard"
"346",2017-03-22,"Country_01","Local_06","Metals","V","V","Male","Third Party (Remote)","Power lock",2017,"Mar","Physical Hazard"
"347",2017-03-25,"Country_01","Local_03","Mining","II","V","Male","Third Party","Vehicles and Mobile Equipment",2017,"Mar","Physical Hazard"
"348",2017-03-25,"Country_03","Local_10","Others","I","I","Male","Employee","Others",2017,"Mar","Others"
"349",2017-03-31,"Country_02","Local_05","Metals","I","IV","Male","Third Party","Fall prevention",2017,"Mar","Physical Hazard"
"350",2017-04-04,"Country_02","Local_05","Metals","I","III","Male","Employee","Chemical substances",2017,"Apr","Chemical Hazard"
"351",2017-04-05,"Country_02","Local_05","Metals","I","IV","Male","Employee","Suspended Loads",2017,"Apr","Physical Hazard"
"352",2017-04-07,"Country_02","Local_02","Mining","I","III","Male","Third Party (Remote)","Others",2017,"Apr","Others"
"353",2017-04-04,"Country_03","Local_10","Others","I","I","Male","Third Party","Venomous Animals",2017,"Apr","Biological Hazard"
"354",2017-04-06,"Country_01","Local_06","Metals","I","II","Male","Third Party","Others",2017,"Apr","Others"
"355",2017-04-07,"Country_01","Local_03","Mining","I","IV","Male","Third Party","Fall prevention",2017,"Apr","Physical Hazard"
"356",2017-04-10,"Country_02","Local_02","Mining","I","II","Male","Third Party","Chemical substances",2017,"Apr","Chemical Hazard"
"357",2017-04-08,"Country_03","Local_10","Others","I","I","Male","Third Party","Venomous Animals",2017,"Apr","Biological Hazard"
"358",2017-04-11,"Country_01","Local_03","Mining","I","IV","Male","Third Party (Remote)","Electrical Shock",2017,"Apr","Electrical Hazard"
"359",2017-04-11,"Country_02","Local_07","Mining","I","II","Male","Third Party (Remote)","Others",2017,"Apr","Others"
"360",2017-04-13,"Country_01","Local_01","Mining","I","II","Male","Employee","Others",2017,"Apr","Others"
"361",2017-04-12,"Country_03","Local_10","Others","I","I","Male","Third Party","Venomous Animals",2017,"Apr","Biological Hazard"
"362",2017-04-23,"Country_01","Local_04","Mining","I","III","Male","Third Party","Others",2017,"Apr","Others"
"363",2017-04-19,"Country_03","Local_10","Others","I","IV","Male","Third Party","Others",2017,"Apr","Others"
"364",2017-04-23,"Country_01","Local_06","Metals","I","II","Male","Third Party","Projection",2017,"Apr","Mechanical Hazard"
"365",2017-04-25,"Country_03","Local_10","Others","I","I","Male","Third Party","Venomous Animals",2017,"Apr","Biological Hazard"
"366",2017-04-25,"Country_02","Local_07","Mining","IV","V","Male","Employee","remains of choco",2017,"Apr","Mechanical Hazard"
"367",2017-04-25,"Country_01","Local_01","Mining","IV","IV","Male","Employee","Pressed",2017,"Apr","Mechanical Hazard"
"368",2017-04-24,"Country_01","Local_03","Mining","I","V","Male","Employee","Others",2017,"Apr","Others"
"369",2017-04-28,"Country_02","Local_05","Metals","I","II","Male","Employee","Others",2017,"Apr","Others"
"370",2017-04-29,"Country_02","Local_02","Mining","II","III","Male","Employee","Manual Tools",2017,"Apr","Mechanical Hazard"
"371",2017-04-30,"Country_02","Local_05","Metals","I","II","Male","Employee","Others",2017,"Apr","Others"
"372",2017-05-05,"Country_02","Local_02","Mining","I","II","Male","Third Party (Remote)","Others",2017,"May","Others"
"373",2017-05-06,"Country_01","Local_01","Mining","III","IV","Male","Third Party","Manual Tools",2017,"May","Mechanical Hazard"
"374",2017-05-06,"Country_02","Local_07","Mining","IV","V","Male","Employee","Projection",2017,"May","Mechanical Hazard"
"375",2017-05-10,"Country_01","Local_04","Mining","V","V","Male","Third Party","Fall",2017,"May","Physical Hazard"
"376",2017-05-16,"Country_02","Local_05","Metals","I","III","Female","Third Party (Remote)","Cut",2017,"May","Mechanical Hazard"
"377",2017-05-16,"Country_01","Local_03","Mining","IV","IV","Male","Employee","Others",2017,"May","Others"
"378",2017-05-16,"Country_02","Local_12","Others","I","I","Male","Employee","Others",2017,"May","Others"
"379",2017-05-17,"Country_02","Local_07","Mining","I","I","Male","Employee","Cut",2017,"May","Mechanical Hazard"
"380",2017-05-18,"Country_01","Local_06","Metals","IV","IV","Male","Third Party","Pressed",2017,"May","Mechanical Hazard"
"381",2017-05-19,"Country_01","Local_06","Metals","I","II","Male","Employee","Projection",2017,"May","Mechanical Hazard"
"382",2017-05-23,"Country_01","Local_04","Mining","I","IV","Male","Third Party","Projection of fragments",2017,"May","Mechanical Hazard"
"383",2017-05-23,"Country_01","Local_03","Mining","I","IV","Male","Third Party","Others",2017,"May","Others"
"384",2017-05-30,"Country_02","Local_12","Others","I","II","Female","Employee","Others",2017,"May","Others"
"385",2017-06-04,"Country_02","Local_05","Metals","I","IV","Male","Employee","Others",2017,"Jun","Others"
"386",2017-06-09,"Country_01","Local_03","Mining","I","IV","Male","Third Party","Projection",2017,"Jun","Mechanical Hazard"
"387",2017-06-09,"Country_01","Local_06","Metals","I","III","Male","Third Party","Fall",2017,"Jun","Physical Hazard"
"388",2017-06-11,"Country_01","Local_04","Mining","I","II","Male","Third Party","Others",2017,"Jun","Others"
"389",2017-06-11,"Country_01","Local_04","Mining","I","II","Male","Employee","Pressed",2017,"Jun","Mechanical Hazard"
"390",2017-06-11,"Country_01","Local_06","Metals","I","II","Male","Third Party","Cut",2017,"Jun","Mechanical Hazard"
"391",2017-06-11,"Country_01","Local_01","Mining","I","IV","Male","Third Party","Others",2017,"Jun","Others"
"392",2017-06-14,"Country_02","Local_02","Mining","III","IV","Male","Third Party (Remote)","Pressed",2017,"Jun","Mechanical Hazard"
"393",2017-06-15,"Country_01","Local_03","Mining","I","IV","Male","Employee","Projection",2017,"Jun","Mechanical Hazard"
"394",2017-06-17,"Country_01","Local_03","Mining","II","IV","Male","Third Party","Projection",2017,"Jun","Mechanical Hazard"
"395",2017-06-18,"Country_01","Local_04","Mining","IV","IV","Male","Third Party","remains of choco",2017,"Jun","Mechanical Hazard"
"396",2017-06-24,"Country_01","Local_01","Mining","II","III","Male","Employee","Others",2017,"Jun","Others"
"397",2017-06-20,"Country_01","Local_01","Mining","I","IV","Male","Employee","Others",2017,"Jun","Others"
"398",2017-06-20,"Country_01","Local_01","Mining","I","IV","Male","Third Party","Others",2017,"Jun","Others"
"399",2017-06-24,"Country_01","Local_03","Mining","I","II","Female","Third Party","Cut",2017,"Jun","Mechanical Hazard"
"400",2017-06-23,"Country_02","Local_05","Metals","I","II","Male","Employee","Others",2017,"Jun","Others"
"401",2017-06-19,"Country_03","Local_10","Others","III","IV","Male","Third Party","Others",2017,"Jun","Others"
"402",2017-06-22,"Country_03","Local_10","Others","I","IV","Male","Employee","Others",2017,"Jun","Others"
"403",2017-06-22,"Country_03","Local_10","Others","I","I","Male","Employee","Venomous Animals",2017,"Jun","Biological Hazard"
"404",2017-06-29,"Country_02","Local_02","Mining","I","III","Male","Employee","Pressed",2017,"Jun","Mechanical Hazard"
"405",2017-07-04,"Country_01","Local_04","Mining","I","III","Male","Third Party","Others",2017,"Jul","Others"
"406",2017-07-04,"Country_01","Local_03","Mining","I","II","Female","Employee","Others",2017,"Jul","Others"
"407",2017-07-05,"Country_02","Local_09","Metals","I","II","Male","Employee","Venomous Animals",2017,"Jul","Biological Hazard"
"408",2017-07-06,"Country_02","Local_05","Metals","I","II","Male","Employee","Cut",2017,"Jul","Mechanical Hazard"
"409",2017-07-09,"Country_01","Local_04","Mining","I","II","Female","Third Party","Fall prevention (same level)",2017,"Jul","Physical Hazard"
